2678fc4b238191309c1345d6b3f04445d0f75b523284333108afabbba81d42ba,asd
2678fc4b238191309c1345d6b3f04445d0f75b523284333108afabbba81d42ba,asd
2678fc4b238191309c1345d6b3f04445d0f75b523284333108afabbba81d42ba,asd
2678fc4b238191309c1345d6b3f04445d0f75b523284333108afabbba81d42ba,asd
2678fc4b238191309c1345d6b3f04445d0f75b523284333108afabbba81d42ba,asd
2678fc4b238191309c1345d6b3f04445d0f75b523284333108afabbba81d42ba,hello
2678fc4b238191309c1345d6b3f04445d0f75b523284333108afabbba81d42ba,bye
2678fc4b238191309c1345d6b3f04445d0f75b523284333108afabbba81d42ba,jg
2678fc4b238191309c1345d6b3f04445d0f75b523284333108afabbba81d42ba,ads
2678fc4b238191309c1345d6b3f04445d0f75b523284333108afabbba81d42ba,f
2678fc4b238191309c1345d6b3f04445d0f75b523284333108afabbba81d42ba,asd
2678fc4b238191309c1345d6b3f04445d0f75b523284333108afabbba81d42ba,fd
2678fc4b238191309c1345d6b3f04445d0f75b523284333108afabbba81d42ba,asdasda
2678fc4b238191309c1345d6b3f04445d0f75b523284333108afabbba81d42ba,asdasd
2678fc4b238191309c1345d6b3f04445d0f75b523284333108afabbba81d42ba,jyfjfjyfjyfj
2678fc4b238191309c1345d6b3f04445d0f75b523284333108afabbba81d42ba,asdasdasddaf
2678fc4b238191309c1345d6b3f04445d0f75b523284333108afabbba81d42ba,asdasdasddaf
2678fc4b238191309c1345d6b3f04445d0f75b523284333108afabbba81d42ba,asdadasdad
2678fc4b238191309c1345d6b3f04445d0f75b523284333108afabbba81d42ba,asdadasdad
2678fc4b238191309c1345d6b3f04445d0f75b523284333108afabbba81d42ba,asd
2678fc4b238191309c1345d6b3f04445d0f75b523284333108afabbba81d42ba,asd
2678fc4b238191309c1345d6b3f04445d0f75b523284333108afabbba81d42ba,gdh
2678fc4b238191309c1345d6b3f04445d0f75b523284333108afabbba81d42ba,gdh
2678fc4b238191309c1345d6b3f04445d0f75b523284333108afabbba81d42ba,sdfs
2678fc4b238191309c1345d6b3f04445d0f75b523284333108afabbba81d42ba,adfa
2678fc4b238191309c1345d6b3f04445d0f75b523284333108afabbba81d42ba,asd
2678fc4b238191309c1345d6b3f04445d0f75b523284333108afabbba81d42ba,sfd
2678fc4b238191309c1345d6b3f04445d0f75b523284333108afabbba81d42ba,fsdfsdfgjadgjfhjdsfjsgdjf
2678fc4b238191309c1345d6b3f04445d0f75b523284333108afabbba81d42ba,asdasda
2678fc4b238191309c1345d6b3f04445d0f75b523284333108afabbba81d42ba,hgfhgfgf
2678fc4b238191309c1345d6b3f04445d0f75b523284333108afabbba81d42ba,kjgjkhkj
2678fc4b238191309c1345d6b3f04445d0f75b523284333108afabbba81d42ba,jfjhgfjh
2678fc4b238191309c1345d6b3f04445d0f75b523284333108afabbba81d42ba,sdfsdf
2678fc4b238191309c1345d6b3f04445d0f75b523284333108afabbba81d42ba,adasd
2678fc4b238191309c1345d6b3f04445d0f75b523284333108afabbba81d42ba,sf
2678fc4b238191309c1345d6b3f04445d0f75b523284333108afabbba81d42ba,dfsdfsdgsdg
2678fc4b238191309c1345d6b3f04445d0f75b523284333108afabbba81d42ba,asdsadad
2678fc4b238191309c1345d6b3f04445d0f75b523284333108afabbba81d42ba,fsdfdsfds
2678fc4b238191309c1345d6b3f04445d0f75b523284333108afabbba81d42ba,fsdfsdfsfsdf
2678fc4b238191309c1345d6b3f04445d0f75b523284333108afabbba81d42ba,asd
2678fc4b238191309c1345d6b3f04445d0f75b523284333108afabbba81d42ba,asdasdasd
2678fc4b238191309c1345d6b3f04445d0f75b523284333108afabbba81d42ba,asdas
2678fc4b238191309c1345d6b3f04445d0f75b523284333108afabbba81d42ba,sdfsdf
2678fc4b238191309c1345d6b3f04445d0f75b523284333108afabbba81d42ba,adfafadfadfdaf
2678fc4b238191309c1345d6b3f04445d0f75b523284333108afabbba81d42ba,fsdfdsfsdf
2678fc4b238191309c1345d6b3f04445d0f75b523284333108afabbba81d42ba,sdfdsfdsfsf
2678fc4b238191309c1345d6b3f04445d0f75b523284333108afabbba81d42ba,asdasdas
2678fc4b238191309c1345d6b3f04445d0f75b523284333108afabbba81d42ba,asdasdasd
2678fc4b238191309c1345d6b3f04445d0f75b523284333108afabbba81d42ba,sdf
2678fc4b238191309c1345d6b3f04445d0f75b523284333108afabbba81d42ba,asdasd
2678fc4b238191309c1345d6b3f04445d0f75b523284333108afabbba81d42ba,asdasdasdahh
2678fc4b238191309c1345d6b3f04445d0f75b523284333108afabbba81d42ba,fds
2678fc4b238191309c1345d6b3f04445d0f75b523284333108afabbba81d42ba,aasdsad
2678fc4b238191309c1345d6b3f04445d0f75b523284333108afabbba81d42ba,dasd
